{
    "task_code": "f7f0c924-e797-4ddb-9f13-8ddff9653d0e",
    "cost_trcoin": 100,
    "script_id": 24,
    "script_is_open": 1,
    "script_url": "https://4inwork.oss-cn-shanghai.aliyuncs.com/scripts/d3f36597-fd7f-48c1-8c05-f997d292fdac/aae37b5a-48f5-42dc-8b40-c958aaee05d6.js",
    "content": {
        "id": 153,
        "content_id": 35,
        "text": "小红书评论",
        "type": "评论",
        "description": "哇！！！好漂亮",
        "platform": "",
        "link_url": "",
        "params": {
            "customParams": [
                {
                    "min": 3000
                },
                {
                    "max": 5000
                },
                {
                    "content": "哇！！！好漂亮"
                }
            ],
            "image": [
                {
                    "url": "https://4inwork.oss-cn-shanghai.aliyuncs.com/contentCloud/aa527b92-352d-41be-81c9-c588d13b0296/a9356d48-2b9d-4d50-b6c6-ad258bc867ed_微信图片_20250621155557.jpg",
                    "uid": 1752991363616,
                    "status": "success"
                }
            ],
            "mainImage": null,
            "mainVideo": null,
            "video": []
        },
        "status": 0
    },
    "relatedIds": 112,
    "userId": 106,
    "android_exe_status": 1,
    "start_time": "2025-10-12 15:50:30"
}